Year,Observation-level footnotes,Series,Units,Value
2015,Unsentenced detainees as a proportion of overall prison population,VC_PRS_UNSNT,PT,5
2016,Unsentenced detainees as a proportion of overall prison population,VC_PRS_UNSNT,PT,6
2017,Unsentenced detainees as a proportion of overall prison population,VC_PRS_UNSNT,PT,6
2018,Unsentenced detainees as a proportion of overall prison population,VC_PRS_UNSNT,PT,9
2019,Unsentenced detainees as a proportion of overall prison population,VC_PRS_UNSNT,PT,14
2021,Unsentenced detainees as a proportion of overall prison population,VC_PRS_UNSNT,PT,12
2015,Unsentenced detainees (number),VC_PRS_UNSNTN,NUMBER,2543
2016,Unsentenced detainees (number),VC_PRS_UNSNTN,NUMBER,3275
2017,Unsentenced detainees (number),VC_PRS_UNSNTN,NUMBER,3715
2018,Unsentenced detainees (number),VC_PRS_UNSNTN,NUMBER,6373
2019,Unsentenced detainees (number),VC_PRS_UNSNTN,NUMBER,10291
2021,Unsentenced detainees (number),VC_PRS_UNSNTN,NUMBER,9697
