Year,COMMENT_OBS,Series,Value
2015,Proportion of ever-partnered women and girls subjected to physical violence by a current or former intimate partner in the previous 12 months,Proportion of ever-partnered women and girls subjected to physical violence by a current or former intimate partner in the previous 12 months [5.2.1],17.6
2020,Proportion of ever-partnered women and girls subjected to physical violence by a current or former intimate partner in the previous 12 months,Proportion of ever-partnered women and girls subjected to physical violence by a current or former intimate partner in the previous 12 months [5.2.1],30.0
2015,Proportion of ever-partnered women and girls subjected to sexual violence by a current or former intimate partner in the previous 12 months,Proportion of ever-partnered women and girls subjected to sexual violence by a current or former intimate partner in the previous 12 months [5.2.1],8.3
2020,Proportion of ever-partnered women and girls subjected to sexual violence by a current or former intimate partner in the previous 12 months,Proportion of ever-partnered women and girls subjected to sexual violence by a current or former intimate partner in the previous 12 months [5.2.1],19.7
2015,Proportion of ever-partnered women and girls subjected to psychological violence by a current or former intimate partner in the previous 12 months,Proportion of ever-partnered women and girls subjected to psychological violence by a current or former intimate partner in the previous 12 months [5.2.1],18.5
2020,Proportion of ever-partnered women and girls subjected to psychological violence by a current or former intimate partner in the previous 12 months,Proportion of ever-partnered women and girls subjected to psychological violence by a current or former intimate partner in the previous 12 months [5.2.1],23.6
