Year,COMMENT_OBS,Series,Value
2020,Proportion (%) of population using basic drinking water services,Proportion (%) of population using basic drinking water services,68.0
2020,Proportion (%) of population using limited drinking water services,Proportion (%) of population using limited drinking water services,20.9
2020,Proportion (%) of population using unimproved drinking water services,Proportion (%) of population using unimproved drinking water services,6.4
2020,Proportion (%) of population using surface drinking water services,Proportion (%) of population using surface drinking water services,4.8
