Year,COMMENT_OBS,Series,Value
2020,Proportion (%) of population with basic handwashing facilities on premises,Proportion of population with basic handwashing facilities on premises [6.2.1],77.8
2020,Proportion (%) of population using limited sanitation services,Proportion (%) of population using limited sanitation services,13.7
2020,Proportion (%) of population using unimproved sanitation services,Proportion (%) of population using unimproved sanitation services,7.3
2020,Proportion (%) of population practicing open defecation,Proportion of population practicing open defecation [6.2.1],1.2
